step,true,pred,loss,error,abs_error
0,0.026510717,1.9311184,4.457388401031494,-1.9046077,1.9046077
1,-0.013371226,0.21256125,0.06272298842668533,-0.22593248,0.22593248
2,0.031587485,0.055670295,0.0007126618875190616,-0.02408281,0.02408281
3,0.040540013,0.048117284,7.054937304928899e-05,-0.0075772703,0.0075772703
4,0.32258287,0.0463073,0.09378954023122787,0.27627558,0.27627558
5,0.30990517,0.17541419,0.02222571149468422,0.13449098,0.13449098
6,0.2516114,0.26556236,0.00023915350902825594,-0.013950944,0.013950944
7,0.3610529,0.11680016,0.07330747693777084,0.24425274,0.24425274
8,0.340645,0.24345274,0.01160733588039875,0.09719224,0.09719224
9,0.31100285,0.23911239,0.006350555922836065,0.07189046,0.07189046
10,0.17415835,0.39624345,0.06060497462749481,-0.2220851,0.2220851
11,0.33006424,0.5204968,0.04456065967679024,-0.19043255,0.19043255
12,0.35402974,0.5528788,0.048586588352918625,-0.19884905,0.19884905
13,0.305129,0.4583197,0.028835950419306755,-0.1531907,0.1531907
14,0.30033562,0.41887307,0.01726555824279785,-0.118537456,0.118537456
15,0.5283141,0.59479487,0.005430771503597498,-0.066480756,0.066480756
16,0.5411208,0.55351853,0.00018886549514718354,-0.0123977065,0.0123977065
17,0.42106003,0.46940187,0.002871544798836112,-0.04834184,0.04834184
18,0.4918064,0.45840618,0.001370779238641262,0.033400208,0.033400208
19,0.7105408,0.6928462,0.0003847246407531202,0.017694592,0.017694592
20,0.5340684,0.6872554,0.028834549710154533,-0.15318698,0.15318698
21,0.66569924,0.71971136,0.0035846922546625137,-0.05401212,0.05401212
22,0.655752,1.066174,0.20698116719722748,-0.41042203,0.41042203
23,0.7507747,0.83257496,0.008222030475735664,-0.08180028,0.08180028
24,0.639204,0.8229406,0.04148208722472191,-0.18373656,0.18373656
25,0.75773907,0.8495997,0.010368797928094864,-0.09186065,0.09186065
26,0.7887312,0.83174753,0.0022737111430615187,-0.043016315,0.043016315
27,0.81719214,0.96241057,0.025912703946232796,-0.14521843,0.14521843
28,0.82355946,0.8867644,0.004908752162009478,-0.063204944,0.063204944
29,0.8707318,1.0782901,0.052935823798179626,-0.20755833,0.20755833
30,1.0751868,1.0542494,0.000538659340236336,0.020937443,0.020937443
31,1.1309801,1.1298476,1.576011641191144e-06,0.0011324883,0.0011324883
32,0.8288541,0.8617704,0.0013313477393239737,-0.032916307,0.032916307
33,0.6779463,1.0778517,0.19650961458683014,-0.39990532,0.39990532
34,0.98537153,1.0933044,0.014314526692032814,-0.107932866,0.107932866
35,0.9595436,1.1301723,0.035774488002061844,-0.17062867,0.17062867
36,1.0611541,1.2049716,0.02541515789926052,-0.14381742,0.14381742
37,0.9966976,1.125861,0.020499765872955322,-0.12916344,0.12916344
38,0.9862497,1.2177951,0.06587820500135422,-0.23154545,0.23154545
39,1.1044769,1.2023547,0.011771642602980137,-0.09787774,0.09787774
40,1.1286752,1.1809177,0.0033536539413034916,-0.052242517,0.052242517
41,0.87236434,1.291789,0.2161611169576645,-0.4194247,0.4194247
42,0.93759537,1.183915,0.07455344498157501,-0.24631965,0.24631965
43,1.0159461,1.1031955,0.009353924542665482,-0.0872494,0.0872494
44,1.0426153,1.3203697,0.094796322286129,-0.27775443,0.27775443
45,1.0154597,1.2648028,0.07639490067958832,-0.24934316,0.24934316
46,1.0857904,1.2111057,0.019296450540423393,-0.12531531,0.12531531
47,1.1453233,1.1678319,0.0006225395482033491,-0.022508621,0.022508621
48,1.2203649,1.1130245,0.014157827012240887,0.107340455,0.107340455
49,1.1074122,1.3177832,0.05438027158379555,-0.21037102,0.21037102
50,0.96476835,1.1387833,0.037208523601293564,-0.17401499,0.17401499
51,1.0348077,1.3874769,0.15282854437828064,-0.35266924,0.35266924
52,1.0406258,1.2685492,0.06383329629898071,-0.2279234,0.2279234
53,1.0973226,1.2614087,0.03308362886309624,-0.1640861,0.1640861
54,1.0814648,1.2664506,0.04204811528325081,-0.18498588,0.18498588
55,1.243579,1.329636,0.009100006893277168,-0.08605695,0.08605695
56,0.98739195,1.3053098,0.12419357895851135,-0.31791782,0.31791782
57,1.0661451,1.2378718,0.036236390471458435,-0.1717267,0.1717267
58,1.2564013,1.2312996,0.0007742437883280218,0.025101662,0.025101662
59,0.95481366,1.3050339,0.15071342885494232,-0.35022026,0.35022026
60,1.0194076,1.1791264,0.031345900148153305,-0.15971875,0.15971875
61,0.90112793,1.2194217,0.12448757141828537,-0.3182938,0.3182938
62,0.99372286,1.2852019,0.10439605265855789,-0.29147905,0.29147905
63,0.89657575,1.2925366,0.19265225529670715,-0.39596087,0.39596087
64,1.067556,1.0884446,0.0005361555959098041,-0.020888567,0.020888567
65,0.9650914,1.3162017,0.15148037672042847,-0.35111028,0.35111028
66,0.84351856,1.2332233,0.1866125464439392,-0.38970476,0.38970476
67,1.0070388,1.2717444,0.08609849214553833,-0.26470554,0.26470554
68,0.92610735,1.1324911,0.05233842134475708,-0.20638376,0.20638376
69,0.9878263,0.9847978,1.127020368585363e-05,0.003028512,0.003028512
70,0.7614369,1.1149501,0.15356092154979706,-0.35351318,0.35351318
71,0.8960098,1.0754043,0.03954463079571724,-0.17939448,0.17939448
72,0.9186618,0.9233223,2.668995875865221e-05,-0.004660547,0.004660547
73,0.7804771,0.9484189,0.03465667739510536,-0.16794181,0.16794181
74,0.6777004,0.9908588,0.12050289660692215,-0.3131584,0.3131584
75,0.77953625,0.94068176,0.031908463686704636,-0.16114551,0.16114551
76,0.88592786,0.9951087,0.014647475443780422,-0.10918087,0.10918087
77,0.854465,0.929687,0.0069527882151305676,-0.075222015,0.075222015
78,0.6771353,0.9164952,0.0703999400138855,-0.23935992,0.23935992
79,0.56914115,0.78170735,0.05552106350660324,-0.2125662,0.2125662
80,0.6311847,0.80233365,0.035992980003356934,-0.17114896,0.17114896
81,0.6037063,0.79935324,0.04703438654541969,-0.19564694,0.19564694
82,0.6708667,0.6014068,0.00592839764431119,0.069459915,0.069459915
83,0.5908257,0.72754586,0.0229685977101326,-0.13672018,0.13672018
84,0.50055975,0.79872495,0.10924042016267776,-0.2981652,0.2981652
85,0.66035116,0.6412532,0.00044817227171733975,0.019097984,0.019097984
86,0.5375078,0.7213001,0.041507281363010406,-0.18379235,0.18379235
87,0.54007334,0.6534371,0.015791285783052444,-0.11336374,0.11336374
88,0.2966521,0.57513446,0.09529382735490799,-0.27848235,0.27848235
89,0.1989228,0.41374916,0.05670802667737007,-0.21482636,0.21482636
90,0.2694019,0.36202177,0.010540897957980633,-0.092619866,0.092619866
91,0.33654818,0.48554528,0.027278784662485123,-0.1489971,0.1489971
92,0.41335458,0.43296942,0.0004727596533484757,-0.019614846,0.019614846
93,0.092314035,0.3082569,0.05729900300502777,-0.21594286,0.21594286
94,0.45638108,0.40474224,0.0032765925861895084,0.05163884,0.05163884
95,0.28448248,0.33030003,0.00257948599755764,-0.045817554,0.045817554
96,0.37359455,0.26323158,0.014966363087296486,0.11036298,0.11036298
97,0.11895391,0.24606976,0.019854947924613953,-0.12711585,0.12711585
98,0.22780773,0.2928097,0.005191849544644356,-0.065001965,0.065001965
99,0.15573625,0.050406937,0.01363226119428873,0.10532932,0.10532932
100,0.19874401,0.1337763,0.005186381749808788,0.06496771,0.06496771
101,0.06335905,0.0016405014,0.004680593963712454,0.06171855,0.06171855
102,0.1038672,0.01719323,0.009230961091816425,0.086673975,0.086673975
103,0.1366582,0.097533554,0.0018809214234352112,0.039124653,0.039124653
104,-0.06865963,-0.089140385,0.0005154190585017204,0.020480752,0.020480752
105,-0.00913119,0.0044651357,0.00022714954684488475,-0.013596326,0.013596326
106,-0.25174794,0.048926357,0.11108668148517609,-0.3006743,0.3006743
107,-0.022069989,-0.16879997,0.026454951614141464,0.14672998,0.14672998
108,0.07407421,-0.19561437,0.08937056362628937,0.26968858,0.26968858
109,-0.274582,-0.29812983,0.0006813521031290293,0.023547828,0.023547828
110,-0.18765983,-0.34240165,0.029422851279377937,0.15474182,0.15474182
111,-0.11845744,-0.35926852,0.0712561383843422,0.24081108,0.24081108
112,-0.23091295,-0.3553265,0.01901974529027939,0.12441355,0.12441355
113,-0.24462542,-0.34313408,0.011923898011446,0.098508656,0.098508656
114,-0.32681522,-0.40630177,0.007763482164591551,0.07948655,0.07948655
115,-0.3565791,-0.37029704,0.0002312308643013239,0.013717949,0.013717949
116,-0.34792176,-0.40253118,0.0036644157953560352,0.054609418,0.054609418
117,-0.3599867,-0.5150938,0.02956193871796131,0.15510711,0.15510711
118,-0.5065875,-0.5730391,0.005426008719950914,0.06645161,0.06645161
119,-0.4187003,-0.58553314,0.034200526773929596,0.16683283,0.16683283
120,-0.2782438,-0.70486945,0.2236471325159073,0.42662564,0.42662564
121,-0.49933538,-0.60838604,0.014612552709877491,0.10905066,0.10905066
122,-0.6027815,-0.7342861,0.021249644458293915,0.13150465,0.13150465
123,-0.51512635,-0.6972472,0.0407557412981987,0.18212086,0.18212086
124,-0.59165734,-0.7570916,0.03362949565052986,0.16543424,0.16543424
125,-0.67351407,-0.68103486,6.950194074306637e-05,0.007520795,0.007520795
126,-0.5445109,-0.7429196,0.04837163910269737,0.19840872,0.19840872
127,-0.64746207,-0.7283785,0.008045317605137825,0.080916405,0.080916405
128,-0.6561652,-0.75721306,0.012546507641673088,0.10104787,0.10104787
129,-0.5948624,-0.7420749,0.026629267260432243,0.1472125,0.1472125
130,-0.7792843,-0.72856086,0.003161458531394601,-0.050723433,0.050723433
131,-0.81513685,-0.8125797,8.034721759031527e-06,-0.0025571585,0.0025571585
132,-0.5881588,-0.87593967,0.10176381468772888,0.28778088,0.28778088
133,-0.861852,-0.84181505,0.0004933265736326575,-0.020036936,0.020036936
134,-0.7792199,-0.91975754,0.024269141256809235,0.14053762,0.14053762
135,-0.8735855,-0.9032528,0.00108149868901819,0.029667258,0.029667258
136,-0.7535365,-0.91398674,0.03163371980190277,0.16045022,0.16045022
137,-0.67271644,-0.92907566,0.08075463771820068,0.25635922,0.25635922
138,-0.71417254,-0.9124302,0.04829799383878708,0.19825768,0.19825768
139,-0.49539474,-0.90955883,0.21077270805835724,0.4141641,0.4141641
140,-0.6343642,-0.90063006,0.08711643517017365,0.26626587,0.26626587
141,-0.84394985,-0.9342517,0.010019898414611816,0.09030187,0.09030187
142,-0.877628,-0.9329851,0.0037654447369277477,0.0553571,0.0553571
143,-0.49365756,-0.9221582,0.22561725974082947,0.42850062,0.42850062
144,-0.6637928,-0.93942505,0.09335321187973022,0.27563226,0.27563226
145,-0.7161599,-0.8290394,0.015656696632504463,0.112879515,0.112879515
146,-0.7719837,-0.9262864,0.02925608865916729,0.15430272,0.15430272
147,-0.7558151,-0.8534028,0.011701993644237518,0.097587705,0.097587705
148,-0.9343985,-0.83793145,0.011434768326580524,-0.09646702,0.09646702
149,-0.77283484,-0.90490943,0.021434208378195763,0.1320746,0.1320746
150,-0.7830835,-0.9442758,0.03192698955535889,0.1611923,0.1611923
151,-0.88160306,-0.9215949,0.001965233590453863,0.039991856,0.039991856
152,-0.8453322,-0.8749626,0.001078803208656609,0.029630423,0.029630423
153,-0.63955146,-0.93276244,0.10564037412405014,0.29321098,0.29321098
154,-0.802465,-0.8848017,0.00833020731806755,0.082336664,0.082336664
155,-0.58098537,-0.8875783,0.11550317704677582,0.30659294,0.30659294
156,-0.95958847,-0.95391756,3.951560938730836e-05,-0.005670905,0.005670905
157,-0.83439916,-0.92179006,0.009384294040501118,0.0873909,0.0873909
158,-0.9328105,-0.8543621,0.00756201334297657,-0.078448415,0.078448415
159,-0.8941341,-0.8724286,0.0005789070855826139,-0.021705508,0.021705508
160,-0.8503149,-0.9106718,0.004476329777389765,0.060356855,0.060356855
161,-0.7294391,-0.8694845,0.024099476635456085,0.1400454,0.1400454
162,-0.7269147,-0.90023667,0.03691273555159569,0.17332196,0.17332196
163,-0.8132834,-0.95771426,0.025632387027144432,0.14443088,0.14443088
164,-0.95899886,-0.89241594,0.005447473376989365,-0.06658292,0.06658292
165,-0.5783989,-0.9069169,0.13261350989341736,0.32851803,0.32851803
166,-0.743756,-0.9378297,0.046280957758426666,0.19407368,0.19407368
167,-0.81486005,-0.87389094,0.004281823989003897,0.05903089,0.05903089
168,-0.6628075,-0.86672825,0.05109661817550659,0.20392072,0.20392072
169,-0.65592295,-0.7516025,0.011248830705881119,0.09567952,0.09567952
170,-0.69367975,-0.8660535,0.036510009318590164,0.17237377,0.17237377
171,-0.6305627,-0.8453278,0.05667562782764435,0.21476507,0.21476507
172,-0.74386543,-0.7818263,0.0017706900835037231,0.037960887,0.037960887
173,-0.5342456,-0.83347243,0.11001964658498764,0.29922682,0.29922682
174,-0.6907137,-0.7806727,0.00994393602013588,0.089959025,0.089959025
175,-0.6312799,-0.7565054,0.019268855452537537,0.12522554,0.12522554
176,-0.48443738,-0.8049044,0.12619324028491974,0.32046703,0.32046703
177,-0.4064109,-0.74437326,0.14034801721572876,0.33796236,0.33796236
178,-0.34461257,-0.6389752,0.10647185891866684,0.29436263,0.29436263
179,-0.37289003,-0.64859766,0.0934043601155281,0.27570763,0.27570763
180,-0.4850599,-0.6497374,0.0333225280046463,0.16467753,0.16467753
181,-0.57985216,-0.6708202,0.010168267413973808,0.09096801,0.09096801
182,-0.25726703,-0.57549345,0.12443479150533676,0.31822643,0.31822643
183,-0.23167261,-0.5787601,0.14802922308444977,0.34708747,0.34708747
184,-0.40587792,-0.628859,0.061094969511032104,0.22298107,0.22298107
185,-0.21549484,-0.55150944,0.13873493671417236,0.3360146,0.3360146
186,-0.30879137,-0.5675074,0.08224625885486603,0.25871602,0.25871602
187,-0.092467815,-0.4842749,0.18863140046596527,0.39180708,0.39180708
188,-0.2602056,-0.4483793,0.04350979998707771,0.18817371,0.18817371
189,0.02387661,-0.44473848,0.26983729004859924,0.46861508,0.46861508
190,-0.059839692,-0.33103737,0.09037356078624725,0.27119768,0.27119768
191,0.077593505,-0.33317116,0.20732685923576355,0.41076466,0.41076466
192,-0.111552,-0.40319708,0.10451503098011017,0.29164508,0.29164508
193,0.012957695,-0.3511351,0.16288967430591583,0.3640928,0.3640928
194,-0.08627108,-0.24473926,0.030856985598802567,0.15846819,0.15846819
195,0.13376667,-0.07299101,0.05252821743488312,0.20675768,0.20675768
196,0.17842217,-0.19787017,0.17398832738399506,0.37629235,0.37629235
197,0.36773816,-0.06935474,0.23475609719753265,0.4370929,0.4370929
198,0.21605057,-0.08210626,0.1092342734336853,0.29815683,0.29815683
199,0.28028363,-0.061069157,0.14317801594734192,0.3413528,0.3413528
200,0.20095755,-0.0072505744,0.05326781049370766,0.20820813,0.20820813
201,0.34240445,0.22786099,0.016121670603752136,0.11454347,0.11454347
202,0.29048273,0.1741183,0.016638334840536118,0.116364434,0.116364434
203,0.38016197,0.14602865,0.06735903024673462,0.23413332,0.23413332
204,0.4259495,0.48023903,0.0036216105800122023,-0.05428952,0.05428952
205,0.41292706,0.26733047,0.026047850027680397,0.1455966,0.1455966
206,0.49376953,0.22763427,0.0870310589671135,0.26613528,0.26613528
207,0.48884225,0.494581,4.046744288643822e-05,-0.005738765,0.005738765
208,0.52679765,0.41909462,0.014253613539040089,0.10770303,0.10770303
209,0.7102632,0.5764825,0.021991588175296783,0.13378072,0.13378072
210,0.6573183,0.5522897,0.013554533012211323,0.10502857,0.10502857
211,0.7109478,0.53440356,0.03829802945256233,0.17654425,0.17654425
212,0.5661917,0.70348775,0.023162512108683586,-0.13729608,0.13729608
213,0.7891019,0.82356,0.001458988874219358,-0.0344581,0.0344581
214,0.83372504,0.8961165,0.004783210810273886,-0.06239146,0.06239146
215,0.7738119,0.5012269,0.09130050241947174,0.27258497,0.27258497
216,1.054096,0.99779737,0.00389462080784142,0.056298614,0.056298614
217,0.647554,0.6846715,0.0016928837867453694,-0.03711754,0.03711754
218,0.9846905,0.78934604,0.046889033168554306,0.19534445,0.19534445
219,1.006166,0.8678168,0.023519201204180717,0.13834918,0.13834918
220,1.0164968,1.0373566,0.000534679857082665,-0.020859838,0.020859838
221,1.0062052,1.0762327,0.006025692448019981,-0.07002747,0.07002747
222,1.0686661,1.1162432,0.0027814172208309174,-0.047577143,0.047577143
223,1.1241801,1.1614712,0.0017087585292756557,-0.03729117,0.03729117
224,0.9872746,1.2063158,0.058955080807209015,-0.21904117,0.21904117
225,1.1110113,1.2594342,0.027068937197327614,-0.14842296,0.14842296
226,1.0827123,1.224097,0.024562610313296318,-0.14138472,0.14138472
227,1.0103437,1.3211542,0.11870276182889938,-0.31081057,0.31081057
228,1.208844,1.3276258,0.017336800694465637,-0.118781805,0.118781805
229,1.0968368,1.3124402,0.057118989527225494,-0.21560335,0.21560335
230,1.0183861,1.4207504,0.1989336907863617,-0.40236425,0.40236425
231,1.1279309,1.2282023,0.012354460544884205,-0.10027146,0.10027146
232,1.1144143,1.3779331,0.08532819896936417,-0.2635188,0.2635188
233,1.3084313,1.3854432,0.00728764059022069,-0.07701194,0.07701194
234,1.231026,1.4650987,0.06732411682605743,-0.23407269,0.23407269
235,1.3629432,1.3194458,0.0023248502984642982,0.043497324,0.043497324
236,1.1659545,1.4332398,0.08778485655784607,-0.26728535,0.26728535
237,1.326874,1.3570063,0.001115667400881648,-0.030132294,0.030132294
238,1.5292438,1.6593225,0.020791327580809593,-0.13007867,0.13007867
239,1.2857242,1.5383389,0.0784127339720726,-0.25261474,0.25261474
240,1.3401781,1.4780258,0.023349031805992126,-0.13784766,0.13784766
241,1.3263484,1.6592652,0.1361885964870453,-0.33291674,0.33291674
242,1.1169026,1.4574747,0.1425238847732544,-0.34057212,0.34057212
243,1.3189732,1.4998078,0.04018213972449303,-0.18083465,0.18083465
244,1.2915239,1.2830873,8.745931700104848e-05,0.00843668,0.00843668
245,1.2346325,1.4404483,0.052050769329071045,-0.20581579,0.20581579
246,1.1712097,1.6192353,0.24664658308029175,-0.44802558,0.44802558
247,1.3273287,1.5832396,0.08047235757112503,-0.25591087,0.25591087
248,1.1583496,1.4199013,0.08405901491641998,-0.26155162,0.26155162
249,1.4659863,1.4746853,9.298665099777281e-05,-0.0086990595,0.0086990595
250,1.2604698,1.5799166,0.12539111077785492,-0.3194468,0.3194468
251,1.1225772,1.6105088,0.2925413250923157,-0.4879316,0.4879316
252,1.1888094,1.3113731,0.018458383157849312,-0.12256372,0.12256372
253,1.2071617,1.4966761,0.10299354046583176,-0.28951442,0.28951442
254,1.4704599,1.5874525,0.0168184582144022,-0.11699259,0.11699259
255,1.134505,1.4291021,0.106641486287117,-0.29459703,0.29459703
256,1.2045882,1.6276851,0.2199627161026001,-0.4230969,0.4230969
257,1.1551847,1.4172504,0.08438972383737564,-0.26206565,0.26206565
258,1.2511668,1.3356155,0.008763064630329609,-0.084448695,0.084448695
259,1.1408429,1.6269306,0.29033440351486206,-0.48608768,0.48608768
260,1.0704315,1.5487437,0.2811204493045807,-0.47831225,0.47831225
261,1.1556249,1.6119071,0.25582122802734375,-0.45628226,0.45628226
262,1.1355369,1.5321875,0.1933239847421646,-0.39665055,0.39665055
263,1.0960696,1.556719,0.2607416808605194,-0.46064937,0.46064937
264,1.0907158,1.4443616,0.15367621183395386,-0.3536458,0.3536458
265,1.2518414,1.455626,0.05102841183543205,-0.20378458,0.20378458
266,1.0896312,1.4607985,0.16928136348724365,-0.3711673,0.3711673
267,0.99586856,1.3362868,0.14239510893821716,-0.34041822,0.34041822
268,1.0501724,1.5292987,0.28207799792289734,-0.47912621,0.47912621
269,1.0883301,1.2249627,0.022939154878258705,-0.13663256,0.13663256
270,0.93517506,1.2934917,0.15776237845420837,-0.35831666,0.35831666
271,1.216681,1.3284341,0.015345759689807892,-0.111753106,0.111753106
272,1.1254818,1.4789934,0.15355955064296722,-0.35351157,0.35351157
273,1.1657257,1.120536,0.002509272424504161,0.04518974,0.04518974
274,1.0452349,1.1347915,0.009855157695710659,-0.089556575,0.089556575
275,0.7792823,1.2895521,0.3199404776096344,-0.5102698,0.5102698
276,1.1241202,1.2042559,0.007890820503234863,-0.0801357,0.0801357
277,0.86546046,1.1856968,0.12601172924041748,-0.32023638,0.32023638
278,0.85411793,1.1620147,0.11648757010698318,-0.3078968,0.3078968
279,0.9277731,1.212622,0.09970077127218246,-0.28484893,0.28484893
280,1.029051,1.2631501,0.06733936816453934,-0.23409915,0.23409915
281,0.97492915,0.8923977,0.008369673043489456,0.08253145,0.08253145
282,0.93789124,1.0395261,0.012692716903984547,-0.10163486,0.10163486
283,0.79304194,1.0846596,0.1044953390955925,-0.29161763,0.29161763
284,0.76773626,1.1299725,0.16123268008232117,-0.3622362,0.3622362
285,0.81069034,1.1073394,0.10813228785991669,-0.29664904,0.29664904
286,0.73803395,0.866268,0.020205795764923096,-0.12823403,0.12823403
287,0.8142873,0.95427656,0.02408014051616192,-0.13998926,0.13998926
288,0.782078,0.8322176,0.003089088946580887,-0.050139546,0.050139546
289,0.7313382,0.80634916,0.006913833320140839,-0.075010955,0.075010955
290,0.39220694,1.0328426,0.5043032169342041,-0.6406357,0.6406357
291,0.62969995,0.7695417,0.024029407650232315,-0.13984174,0.13984174
292,0.57765377,0.6716661,0.010860237292945385,-0.09401232,0.09401232
293,0.57656395,0.7249612,0.02705959789454937,-0.14839727,0.14839727
294,0.45518243,0.73760915,0.09801237285137177,-0.2824267,0.2824267
295,0.36867088,0.5077472,0.023767082020640373,-0.13907629,0.13907629
296,0.517731,0.59085673,0.006570678669959307,-0.07312572,0.07312572
297,0.40584198,0.4986737,0.010589174926280975,-0.09283173,0.09283173
298,0.4688396,0.4589068,0.00012123024498578161,0.009932786,0.009932786
299,0.31407753,0.3184786,2.3800912458682433e-05,-0.0044010878,0.0044010878
300,0.49251747,0.4801693,0.00018735905177891254,0.012348175,0.012348175
301,0.42080814,0.35646418,0.005087270867079496,0.06434396,0.06434396
302,0.32023656,0.27444175,0.002576926490291953,0.045794815,0.045794815
303,0.23921326,0.14043595,0.011989024467766285,0.09877731,0.09877731
304,0.31596583,0.1661412,0.027582645416259766,0.14982463,0.14982463
305,0.24041477,0.11059937,0.02070721611380577,0.1298154,0.1298154
306,0.1957619,0.13207161,0.004984434228390455,0.06369029,0.06369029
307,0.24729662,0.02001709,0.0634731575846672,0.22727953,0.22727953
308,0.25718585,-0.07620472,0.13657648861408234,0.33339056,0.33339056
309,-0.03872111,0.21214351,0.07733003795146942,-0.25086462,0.25086462
310,-0.046017583,-0.079348534,0.001365099335089326,0.03333095,0.03333095
311,-0.04594719,-0.082448035,0.0016371000092476606,0.036500845,0.036500845
312,-0.14450732,-0.20422474,0.00438198447227478,0.059717417,0.059717417
313,-0.026247976,-0.22678575,0.04941533878445625,0.20053777,0.20053777
314,0.014999273,-0.17825076,0.0458889901638031,0.19325003,0.19325003
315,-0.07149494,-0.18675223,0.01632322557270527,0.11525729,0.11525729
316,-0.14638218,-0.19955233,0.0034737964160740376,0.053170145,0.053170145
317,-0.0031962665,-0.21608713,0.05569078028202057,0.21289086,0.21289086
318,-0.12389681,-0.2332122,0.014683580957353115,0.109315395,0.109315395
319,-0.12499067,-0.386403,0.08396948873996735,0.26141232,0.26141232
320,-0.064420044,-0.3297427,0.0865003913640976,0.26532266,0.26532266
321,-0.21193674,-0.3424149,0.020919203758239746,0.13047814,0.13047814
322,-0.012575147,-0.4518188,0.23707205057144165,0.43924364,0.43924364
323,-0.2815818,-0.45310608,0.03615102544426918,0.17152429,0.17152429
324,-0.054437485,-0.48751822,0.2304661124944687,0.43308073,0.43308073
325,-0.36837843,-0.52254677,0.02920517511665821,0.15416834,0.15416834
326,-0.2350854,-0.4687505,0.06708989292383194,0.23366511,0.23366511
327,-0.36629143,-0.49688736,0.0209569800645113,0.13059592,0.13059592
328,-0.20458308,-0.54036075,0.13853932917118073,0.33577767,0.33577767
329,-0.3781859,-0.55080044,0.03661207854747772,0.17261454,0.17261454
330,-0.31444648,-0.501025,0.04277530685067177,0.18657854,0.18657854
331,-0.42113486,-0.5394802,0.017209643498063087,0.11834535,0.11834535
332,-0.2743111,-0.57406014,0.11040404438972473,0.29974905,0.29974905
333,-0.444998,-0.70391923,0.08237676322460175,0.25892124,0.25892124
334,-0.22193787,-0.6528552,0.22816944122314453,0.43091735,0.43091735
335,-0.50023377,-0.6371358,0.0230297539383173,0.13690203,0.13690203
336,-0.5450802,-0.78417,0.07024110108613968,0.23908979,0.23908979
337,-0.3248041,-0.69938296,0.17240746319293976,0.37457886,0.37457886
338,-0.48815218,-0.6726468,0.04182510823011398,0.18449464,0.18449464
339,-0.4383532,-0.65702134,0.05875443294644356,0.21866813,0.21866813
340,-0.4781328,-0.7383693,0.08321581780910492,0.26023647,0.26023647
341,-0.58510786,-0.7124693,0.019931735470891,0.12736142,0.12736142
342,-0.46916273,-0.66230446,0.045837584882974625,0.19314173,0.19314173
343,-0.34228125,-0.70134205,0.15841832756996155,0.3590608,0.3590608
344,-0.3754736,-0.6426359,0.08770409971475601,0.2671623,0.2671623
345,-0.459335,-0.7712733,0.11956575512886047,0.31193832,0.31193832
346,-0.37773052,-0.6844267,0.1155809760093689,0.3066962,0.3066962
347,-0.6010674,-0.7484016,0.02667328715324402,0.14733416,0.14733416
348,-0.53352857,-0.67190033,0.02352689765393734,0.13837177,0.13837177
349,-0.46696946,-0.7157976,0.07607967406511307,0.24882814,0.24882814
350,-0.5248421,-0.7125655,0.04330182448029518,0.1877234,0.1877234
351,-0.5413976,-0.8259848,0.09951769560575485,0.2845872,0.2845872
352,-0.64133316,-0.8079596,0.03411594405770302,0.16662645,0.16662645
353,-0.73356587,-0.7250456,8.92003663466312e-05,-0.008520246,0.008520246
354,-0.44738302,-0.7991417,0.1520404815673828,0.3517587,0.3517587
355,-0.5081216,-0.79484004,0.10101376473903656,0.28671843,0.28671843
356,-0.4450111,-0.7068203,0.08422468602657318,0.2618092,0.2618092
357,-0.5811476,-0.73013014,0.02727343514561653,0.14898252,0.14898252
358,-0.61031,-0.77933425,0.03510485962033272,0.16902423,0.16902423
359,-0.5393266,-0.73073965,0.04502071440219879,0.19141304,0.19141304
360,-0.4547945,-0.65625817,0.04987270385026932,0.20146367,0.20146367
361,-0.562817,-0.7317808,0.03507980331778526,0.16896385,0.16896385
362,-0.4581131,-0.7535983,0.10728540271520615,0.29548517,0.29548517
363,-0.6366417,-0.74144596,0.013496698811650276,0.10480428,0.10480428
364,-0.5489101,-0.7478203,0.04861651360988617,0.19891024,0.19891024
365,-0.53550184,-0.70914036,0.03704775869846344,0.17363852,0.17363852
366,-0.40048268,-0.68686515,0.10077721625566483,0.28638247,0.28638247
367,-0.4958326,-0.65930897,0.03283822536468506,0.16347638,0.16347638
368,-0.33424118,-0.7246204,0.18725909292697906,0.39037922,0.39037922
369,-0.63459057,-0.7520558,0.016954654827713966,0.11746526,0.11746526
370,-0.47646496,-0.6774413,0.0496317483484745,0.20097634,0.20097634
371,-0.45975867,-0.6754039,0.05714121088385582,0.21564522,0.21564522
372,-0.40248653,-0.6766332,0.09234967082738876,0.27414665,0.27414665
373,-0.53113836,-0.6231207,0.010396292433142662,0.091982365,0.091982365
374,-0.26513138,-0.63049966,0.1640329360961914,0.36536828,0.36536828
375,-0.4144841,-0.62634975,0.05515572056174278,0.21186563,0.21186563
376,-0.50509185,-0.66846424,0.03279643505811691,0.1633724,0.1633724
377,-0.37696806,-0.5657274,0.043781060725450516,0.18875936,0.18875936
378,-0.3840206,-0.5915247,0.05290820822119713,0.20750412,0.20750412
379,-0.05006781,-0.60546124,0.3790276348590851,0.55539346,0.55539346
380,-0.19742897,-0.52272755,0.13002707064151764,0.32529858,0.32529858
381,-0.26983914,-0.5450404,0.09306158125400543,0.2752013,0.2752013
382,-0.25674155,-0.46402892,0.05279770493507385,0.20728737,0.20728737
383,-0.11957231,-0.46954474,0.15050016343593597,0.34997243,0.34997243
384,-0.08233264,-0.42750844,0.14640305936336517,0.3451758,0.3451758
385,-0.43936464,-0.4125372,0.0008843598188832402,-0.026827455,0.026827455
386,-0.048396762,-0.49685803,0.24712644517421722,0.44846126,0.44846126
387,-0.072935194,-0.30281845,0.06493578106164932,0.22988325,0.22988325
388,-0.16849318,-0.26924983,0.012474319897592068,0.100756645,0.100756645
389,0.090314925,-0.21781239,0.11666211485862732,0.3081273,0.3081273
390,0.26782677,-0.20037922,0.2693663239479065,0.468206,0.468206
391,0.1409597,-0.16440335,0.11457829177379608,0.30536306,0.30536306
392,0.23846155,0.0032375483,0.0679880753159523,0.23522401,0.23522401
393,0.3529381,0.010520819,0.14407239854335785,0.34241727,0.34241727
394,0.1344727,0.02715108,0.014152848161756992,0.10732162,0.10732162
395,0.07747078,0.075610876,4.2505857891228516e-06,0.0018599033,0.0018599033
396,0.37528604,0.15590042,0.059140611439943314,0.21938562,0.21938562
397,0.33173433,0.12623191,0.051892343908548355,0.20550242,0.20550242
398,0.26637718,0.3276496,0.004613167606294155,-0.061272413,0.061272413
399,0.44355524,0.31669015,0.019776690751314163,0.12686509,0.12686509
400,0.57185674,0.45154658,0.017785826697945595,0.12031016,0.12031016
401,0.5319588,0.3194883,0.05547109246253967,0.21247053,0.21247053
402,0.5158227,0.40851188,0.014150002971291542,0.10731083,0.10731083
403,0.6195713,0.51817894,0.01263223122805357,0.10139239,0.10139239
404,0.6870303,0.69138426,2.3293241611099802e-05,-0.0043539405,0.0043539405
405,0.5425989,0.7482535,0.051969222724437714,-0.20565462,0.20565462
406,0.7672283,0.5362657,0.06554701179265976,0.23096263,0.23096263
407,0.69229925,0.7367885,0.002432093257084489,-0.044489264,0.044489264
408,0.93701524,0.8326434,0.013385539874434471,0.104371846,0.104371846
409,0.758427,0.7785533,0.0004977342905476689,-0.020126283,0.020126283
410,1.0581511,0.98856205,0.005950474180281162,0.06958908,0.06958908
411,0.95714635,1.1481291,0.04481859132647514,-0.19098276,0.19098276
412,0.98368096,1.0695038,0.009050549939274788,-0.08582282,0.08582282
413,1.1059859,1.3249007,0.0588870495557785,-0.21891487,0.21891487
414,1.0270637,0.92054725,0.01394131500273943,0.10651648,0.10651648
415,1.1771598,1.2015883,0.0007332682725973427,-0.024428487,0.024428487
416,1.1101177,1.1264151,0.0003263691905885935,-0.01629746,0.01629746
417,1.1600667,1.2667823,0.013993456028401852,-0.10671556,0.10671556
418,1.2870067,1.3742745,0.009357867762446404,-0.08726776,0.08726776
419,1.1616238,1.4455307,0.09904240071773529,-0.28390682,0.28390682
420,1.1763072,1.390621,0.056437741965055466,-0.21431375,0.21431375
421,1.3530486,1.4244196,0.006259150803089142,-0.07137108,0.07137108
422,1.3492339,1.5731703,0.061619602143764496,-0.22393644,0.22393644
423,1.3906991,1.5131311,0.018418725579977036,-0.12243199,0.12243199
424,1.4267119,1.6108987,0.04168562591075897,-0.18418682,0.18418682
425,1.4180282,1.6140095,0.047195278108119965,-0.19598126,0.19598126
426,1.4896876,1.6965917,0.05260266736149788,-0.20690417,0.20690417
427,1.4534831,1.6176343,0.0331098698079586,-0.16415119,0.16415119
428,1.256179,1.5340245,0.0948585495352745,-0.2778455,0.2778455
429,1.2936423,1.5899171,0.10785964876413345,-0.29627478,0.29627478
430,1.6711473,1.6024666,0.005796144716441631,0.06868076,0.06868076
431,1.4867365,1.7499064,0.0851023867726326,-0.26316988,0.26316988
432,1.5886458,1.8861188,0.10873376578092575,-0.29747295,0.29747295
433,1.4645236,1.8100648,0.14671321213245392,-0.34554124,0.34554124
434,1.4974136,1.7531124,0.08033911138772964,-0.2556988,0.2556988
435,1.4607209,1.6338457,0.036828819662332535,-0.17312479,0.17312479
436,1.7542882,1.7307353,0.0006816477398388088,0.023552895,0.023552895
437,1.5335305,1.8251933,0.10452774912118912,-0.2916628,0.2916628
438,1.4541819,1.652866,0.04850597307085991,-0.1986841,0.1986841
439,1.3410047,1.7898402,0.24753904342651367,-0.4488355,0.4488355
440,1.7011311,1.8950487,0.04620661213994026,-0.19391763,0.19391763
441,1.4842145,1.4296561,0.0036575705744326115,0.054558396,0.054558396
442,1.5710123,1.8999572,0.13295841217041016,-0.32894492,0.32894492
443,1.5775723,1.7845625,0.052646420896053314,-0.20699012,0.20699012
444,1.4404807,1.8641498,0.22055816650390625,-0.4236691,0.4236691
445,1.5482762,1.7082042,0.03142809495329857,-0.15992796,0.15992796
446,1.414425,1.7334639,0.12507100403308868,-0.31903887,0.31903887
447,1.3692049,1.8684858,0.3063087463378906,-0.49928093,0.49928093
448,1.577759,1.8015709,0.061551086604595184,-0.22381186,0.22381186
449,1.4382652,1.8211287,0.18011806905269623,-0.38286352,0.38286352
450,1.4984585,1.802249,0.1134011447429657,-0.30379045,0.30379045
451,1.4800133,1.7812583,0.11150885373353958,-0.3012451,0.3012451
452,1.4948524,1.9189566,0.2210114300251007,-0.4241042,0.4241042
453,1.2673947,1.725117,0.2574385404586792,-0.4577223,0.4577223
454,1.3563807,1.7812107,0.22176842391490936,-0.42482996,0.42482996
455,1.3742106,1.7168914,0.14429429173469543,-0.3426808,0.3426808
456,1.3151543,1.7899398,0.27699014544487,-0.47478545,0.47478545
457,1.432745,1.9068569,0.2762046754360199,-0.4741119,0.4741119
458,1.4999706,1.5866992,0.009242607280611992,-0.08672869,0.08672869
459,1.5071225,1.7214735,0.056457314640283585,-0.21435094,0.21435094
460,1.3298776,1.8689764,0.35711348056793213,-0.53909874,0.53909874
461,1.3840401,1.7438043,0.15903964638710022,-0.35976422,0.35976422
462,1.3902806,1.7423258,0.15228824317455292,-0.35204518,0.35204518
463,1.3985131,1.6921692,0.10596135258674622,-0.2936561,0.2936561
464,1.2390113,1.7315989,0.29815101623535156,-0.49258757,0.49258757
465,1.49905,1.6977396,0.04850869998335838,-0.19868958,0.19868958
466,1.3995026,1.5962833,0.047581057995557785,-0.19678068,0.19678068
467,1.3916247,1.6568881,0.08646181225776672,-0.26526344,0.26526344
468,1.4058224,1.5123918,0.013955168426036835,-0.10656941,0.10656941
469,1.3275704,1.6432835,0.1224769875407219,-0.31571305,0.31571305
470,1.1596256,1.6431214,0.28724637627601624,-0.4834957,0.4834957
471,1.2361354,1.6693968,0.23065856099128723,-0.4332614,0.4332614
472,1.072035,1.5658498,0.2996385991573334,-0.49381483,0.49381483
473,1.2651451,1.4986682,0.06700840592384338,-0.23352313,0.23352313
474,1.1925638,1.587368,0.19152836501598358,-0.39480424,0.39480424
475,1.1905924,1.5217693,0.13476888835430145,-0.33117688,0.33117688
476,1.2994816,1.5975387,0.10916123539209366,-0.29805708,0.29805708
477,1.1170654,1.7036488,0.4227941632270813,-0.5865834,0.5865834
478,1.120455,1.5185924,0.19477586448192596,-0.39813733,0.39813733
479,1.1299639,1.5365137,0.20309394598007202,-0.4065498,0.4065498
480,0.92504543,1.5534331,0.48520442843437195,-0.62838763,0.62838763
481,1.0628825,1.335008,0.0909930020570755,-0.27212548,0.27212548
482,0.82051283,1.5138063,0.5906139016151428,-0.6932935,0.6932935
483,0.98930144,1.3721406,0.18009525537490845,-0.3828392,0.3828392
484,1.111296,1.4346867,0.12850622832775116,-0.3233906,0.3233906
485,1.0476004,1.3113525,0.08547935634851456,-0.2637521,0.2637521
486,0.9196779,1.2350929,0.12224584817886353,-0.31541497,0.31541497
487,0.9587383,1.0764444,0.017024219036102295,-0.11770606,0.11770606
488,0.82189935,1.2469292,0.22197718918323517,-0.4250298,0.4250298
489,0.90317976,1.2405264,0.13983704149723053,-0.33734667,0.33734667
490,1.1697785,1.2361693,0.005416099447757006,-0.06639087,0.06639087
491,1.0340215,1.0958254,0.004693554248660803,-0.061803937,0.061803937
492,0.8268124,1.1049056,0.09502771496772766,-0.27809322,0.27809322
493,0.80914336,0.9391095,0.02075534127652645,-0.12996614,0.12996614
494,0.66628176,0.85295,0.042816389352083206,-0.18666822,0.18666822
495,0.65476406,0.83623886,0.04046710208058357,-0.1814748,0.1814748
496,0.7415295,0.85377777,0.015482046641409397,-0.11224824,0.11224824
497,0.6229248,0.9242707,0.11158344894647598,-0.30134588,0.30134588
498,0.7357406,0.8622989,0.019681155681610107,-0.1265583,0.1265583
499,0.7720901,0.8602511,0.00955043826252222,-0.08816105,0.08816105
500,0.6181406,0.78080344,0.03251217305660248,-0.16266286,0.16266286
501,0.56484824,0.59957844,0.0014821223448961973,-0.034730196,0.034730196
502,0.35650918,0.62412107,0.08799950033426285,-0.2676119,0.2676119
503,0.56945455,0.43798482,0.021238358691334724,0.13146973,0.13146973
504,0.35070255,0.54548746,0.046620842069387436,-0.19478491,0.19478491
505,0.39398876,0.5716179,0.03877018392086029,-0.17762914,0.17762914
506,0.5028828,0.45367035,0.002975902520120144,0.049212426,0.049212426
507,0.48152065,0.43356338,0.002826038282364607,0.04795727,0.04795727
508,0.30406293,0.3440592,0.001965658273547888,-0.039996266,0.039996266
509,0.28260115,0.31117064,0.0010029376717284322,-0.02856949,0.02856949
510,0.2270063,0.255417,0.000991819892078638,-0.028410688,0.028410688
511,0.151316,0.1675594,0.00032420732895843685,-0.016243398,0.016243398
512,0.1825485,0.13919355,0.0023096532095223665,0.043354943,0.043354943
513,0.060445163,0.15880457,0.011887789703905582,-0.098359406,0.098359406
514,0.26663184,0.11175269,0.029475104063749313,0.15487915,0.15487915
515,0.21521008,0.066223115,0.027275074273347855,0.14898697,0.14898697
516,0.21012849,0.11681768,0.010698755271732807,0.0933108,0.0933108
517,0.037852947,0.027723672,0.0001260738936252892,0.010129275,0.010129275
518,-0.006088403,0.023766043,0.0010951864533126354,-0.029854447,0.029854447
519,0.099803746,-0.049699362,0.027464378625154495,0.14950311,0.14950311
520,0.08279884,0.048690114,0.0014295553555712104,0.034108724,0.034108724
521,0.044488285,-0.09242308,0.023032883182168007,0.13691136,0.13691136
522,0.01396552,0.05345035,0.0019157124916091561,-0.03948483,0.03948483
523,0.19853741,-0.13779595,0.13899824023246765,0.33633336,0.33633336
524,0.055425648,-0.18396977,0.07042083144187927,0.23939541,0.23939541
525,0.19603623,-0.22188851,0.21461769938468933,0.41792476,0.41792476
526,0.11275187,-0.33171955,0.24274878203868866,0.44447142,0.44447142
527,0.14376669,-0.35845497,0.3099276125431061,0.50222164,0.50222164
528,-0.1457735,-0.336395,0.0446491576731205,0.1906215,0.1906215
529,0.009820643,-0.32834676,0.14051830768585205,0.3381674,0.3381674
530,-0.103298634,-0.3772224,0.09219957143068314,0.27392375,0.27392375
531,-0.23659858,-0.29730263,0.004527985118329525,0.060704052,0.060704052
532,0.069633245,-0.25878963,0.13253669440746307,0.32842287,0.32842287
533,-0.118670315,-0.28477386,0.03390214964747429,0.16610354,0.16610354
534,-0.20382932,-0.24635473,0.0022221123799681664,0.04252541,0.04252541
535,-0.14853415,-0.39717475,0.07596499472856522,0.2486406,0.2486406
536,-0.195254,-0.35861483,0.03279181569814682,0.16336083,0.16336083
537,-0.1934028,-0.42860207,0.0679737776517868,0.23519927,0.23519927
538,-0.15449151,-0.30467275,0.027714082971215248,0.15018123,0.15018123
539,0.032509807,-0.47791818,0.3201389014720917,0.510428,0.510428
540,-0.21542743,-0.516401,0.11130795627832413,0.30097356,0.30097356
541,0.00888786,-0.4329749,0.23990772664546967,0.44186276,0.44186276
542,-0.080449104,-0.33429173,0.0791768804192543,0.25384262,0.25384262
543,-0.13407364,-0.4095913,0.09327565133571625,0.27551764,0.27551764
544,-0.10734913,-0.5210862,0.21033832430839539,0.4137371,0.4137371
545,-0.18935904,-0.49590942,0.11547105014324188,0.30655038,0.30655038
546,-0.070789754,-0.28670606,0.057284921407699585,0.2159163,0.2159163
547,-0.15146932,-0.46122178,0.11789596825838089,0.30975246,0.30975246
548,-0.38349703,-0.43688002,0.0035016683395951986,0.053382993,0.053382993
549,-0.19633886,-0.38195404,0.042334675788879395,0.18561518,0.18561518
550,-0.15654281,-0.375796,0.059069208800792694,0.21925318,0.21925318
551,-0.2728227,-0.33949235,0.005461674649268389,0.06666964,0.06666964
552,-0.24024174,-0.47346976,0.06683912873268127,0.23322803,0.23322803
553,-0.32300833,-0.53369826,0.05454524606466293,0.21068993,0.21068993
554,-0.40819135,-0.44428942,0.0016011701663956046,0.036098063,0.036098063
555,-0.43395707,-0.39473876,0.0018899384886026382,-0.039218307,0.039218307
556,-0.44082776,-0.43115512,0.00011496344086481258,-0.009672642,0.009672642
557,-0.22804901,-0.399398,0.036077193915843964,0.17134899,0.17134899
558,-0.5513594,-0.5576392,4.8457015509484336e-05,0.0062797666,0.0062797666
559,-0.3758116,-0.3636332,0.00018224288942292333,-0.012178421,0.012178421
560,-0.39192006,-0.5195503,0.02001597359776497,0.12763026,0.12763026
561,-0.3490214,-0.45764056,0.014497124589979649,0.10861915,0.10861915
562,-0.51105636,-0.5450232,0.0014176832046359777,0.03396684,0.03396684
563,-0.28868464,-0.5927365,0.11359649151563644,0.30405185,0.30405185
564,-0.45899603,-0.5323147,0.006605400703847408,0.07331869,0.07331869
565,-0.2198855,-0.5582496,0.14068186283111572,0.3383641,0.3383641
566,-0.3954821,-0.5195586,0.01891685277223587,0.124076515,0.124076515
567,-0.34167466,-0.54582244,0.05121047794818878,0.20414779,0.20414779
568,-0.32906958,-0.49716887,0.034721698611974716,0.16809928,0.16809928
569,-0.30078265,-0.46173272,0.031831104308366776,0.16095006,0.16095006
570,-0.31559572,-0.3811815,0.0052855359390378,0.06558579,0.06558579
571,-0.3543388,-0.46067193,0.013893344439566135,0.10633314,0.10633314
572,-0.26780918,-0.3708221,0.013039256446063519,0.10301292,0.10301292
573,-0.24406347,-0.39189568,0.02685391716659069,0.14783221,0.14783221
574,-0.35376337,-0.44445434,0.010106430388987064,0.09069097,0.09069097
575,-0.21913049,-0.46724138,0.0756416767835617,0.24811089,0.24811089
576,-0.12500545,-0.401229,0.09375418722629547,0.27622354,0.27622354
577,-0.15384808,-0.46785906,0.12115996330976486,0.31401098,0.31401098
578,-0.1092768,-0.2923511,0.04118359833955765,0.1830743,0.1830743
579,-0.161194,-0.21023485,0.0029551880434155464,0.049040854,0.049040854
580,-0.24565706,-0.1834434,0.004755992908030748,-0.06221366,0.06221366
581,-0.20444754,-0.23181489,0.0009203104418702424,0.027367353,0.027367353
582,-0.060733434,-0.17805412,0.01691291108727455,0.11732069,0.11732069
583,0.03449199,-0.2488074,0.09861902892589569,0.2832994,0.2832994
584,0.25388446,-0.13016501,0.18123571574687958,0.38404948,0.38404948
585,0.11064345,-0.14421162,0.07980973273515701,0.25485507,0.25485507
586,-0.06538561,-0.28412774,0.058794185519218445,0.21874213,0.21874213
587,0.016082646,-0.01894593,0.001507698092609644,0.035028577,0.035028577
588,0.36368352,-0.13062486,0.3002378046512604,0.49430838,0.49430838
589,0.15918809,0.06718129,0.010401819832623005,0.0920068,0.0920068
590,0.2318395,0.20809403,0.0006928363000042737,0.023745462,0.023745462
591,0.17905538,0.16219911,0.00034913417766802013,0.016856268,0.016856268
592,0.48103684,0.19309773,0.10187572985887527,0.28793913,0.28793913
593,0.42527297,0.30823043,0.01683281920850277,0.11704254,0.11704254
594,0.34963146,0.22738703,0.018362320959568024,0.12224443,0.12224443
595,0.38054746,0.33242851,0.0028451301623135805,0.04811895,0.04811895
596,0.56431633,0.3983858,0.033831559121608734,0.16593054,0.16593054
597,0.5923455,0.49405903,0.011870165355503559,0.09828645,0.09828645
598,0.7259587,0.4235619,0.11236312240362167,0.3023968,0.3023968
599,0.7525885,0.5892461,0.03278440237045288,0.16334242,0.16334242
600,0.7267336,0.5651615,0.0320776142179966,0.1615721,0.1615721
601,0.75406086,0.77553165,0.0005664521013386548,-0.021470785,0.021470785
602,0.8474987,0.77136236,0.007122851442545652,0.07613635,0.07613635
603,0.86309314,0.8013375,0.004686223343014717,0.061755657,0.061755657
604,0.9592522,0.9507886,8.801986405160278e-05,0.008463562,0.008463562
605,1.0272974,1.0380223,0.00014133936201687902,-0.010724902,0.010724902
606,0.98834556,1.0401605,0.003298988798633218,-0.051814973,0.051814973
607,1.192634,1.2285517,0.0015852206852287054,-0.03591776,0.03591776
608,1.1427366,1.1992987,0.00393116706982255,-0.056562185,0.056562185
609,1.1444416,1.346817,0.05032512918114662,-0.20237541,0.20237541
610,1.2408165,1.2448322,1.9814378902083263e-05,-0.004015684,0.004015684
611,1.3459147,1.5283536,0.040898170322179794,-0.18243885,0.18243885
612,1.3739468,1.3529284,0.0005428368458524346,0.021018386,0.021018386
613,1.4499391,1.5056684,0.0038162500131875277,-0.05572927,0.05572927
614,1.5376755,1.6818571,0.025544019415974617,-0.14418161,0.14418161
615,1.6163882,1.7226552,0.013876081444323063,-0.106266975,0.106266975
616,1.5503582,1.5436956,5.454549682326615e-05,0.006662607,0.006662607
617,1.4485817,1.7952318,0.14765644073486328,-0.34665012,0.34665012
618,1.5600675,1.9154456,0.15518532693386078,-0.35537803,0.35537803
619,1.5157076,1.7114005,0.04705646634101868,-0.1956929,0.1956929
620,1.8126632,1.7504063,0.0047626132145524025,0.062256932,0.062256932
621,1.8662193,1.9081533,0.0021607393864542246,-0.041934013,0.041934013
622,1.7546732,1.9029456,0.02701406739652157,-0.1482724,0.1482724
623,1.7953233,1.836474,0.0020807678811252117,-0.04115069,0.04115069
624,1.7521026,1.938372,0.04263365641236305,-0.1862694,0.1862694
625,1.7788754,2.0021508,0.0612562820315361,-0.22327542,0.22327542
626,1.5955626,1.7797894,0.041703786700963974,-0.18422687,0.18422687
627,1.7587864,1.8020308,0.0022978908382356167,-0.043244362,0.043244362
628,1.6868367,2.0082476,0.1269376277923584,-0.3214109,0.3214109
629,1.8098372,2.0570767,0.07511130720376968,-0.24723947,0.24723947
630,1.7805518,1.9861741,0.05195287615060806,-0.20562232,0.20562232
631,1.9841609,2.0483532,0.005063315387815237,-0.064192295,0.064192295
632,1.8823615,2.0045474,0.018344702199101448,-0.12218583,0.12218583
633,1.8187295,2.1051593,0.10081048309803009,-0.28642976,0.28642976
634,1.7616338,2.002448,0.07125797867774963,-0.24081433,0.24081433
635,1.9525636,2.0212986,0.005805296823382378,-0.068735,0.068735
636,1.7773012,1.9676118,0.04450363293290138,-0.1903106,0.1903106
637,1.8076198,2.1612828,0.15369106829166412,-0.35366297,0.35366297
638,1.7717737,1.9983165,0.06306237727403641,-0.22654283,0.22654283
639,1.71929,1.9805943,0.0839000716805458,-0.26130426,0.26130426
640,1.7546918,2.1523354,0.19429314136505127,-0.39764357,0.39764357
641,1.545476,2.0544176,0.31827718019485474,-0.50894165,0.50894165
642,1.5769427,2.0780365,0.30853724479675293,-0.50109386,0.50109386
643,1.7562356,2.0144703,0.08194049447774887,-0.25823474,0.25823474
644,1.8672751,1.9433701,0.007115101907402277,-0.076094985,0.076094985
645,1.7341822,2.0647,0.1342328041791916,-0.33051765,0.33051765
646,1.6160433,2.0796268,0.2640736401081085,-0.46358347,0.46358347
647,1.5324159,2.0533807,0.33349260687828064,-0.52096486,0.52096486
648,1.7437539,1.9574534,0.05611465126276016,-0.21369946,0.21369946
649,1.5972302,1.9906185,0.19015690684318542,-0.39338827,0.39338827
650,1.7070322,1.9709619,0.0855945497751236,-0.26392972,0.26392972
651,1.6706167,2.1367881,0.2670302987098694,-0.46617138,0.46617138
652,1.6685878,1.979837,0.11903801560401917,-0.31124914,0.31124914
653,1.6134853,1.9131664,0.11035402119159698,-0.29968107,0.29968107
654,1.6381216,1.8837718,0.07414865493774414,-0.24565017,0.24565017
655,1.5777234,1.9911528,0.21002554893493652,-0.41342938,0.41342938
656,1.5163355,1.9401655,0.22072570025920868,-0.42383003,0.42383003
657,1.4739958,1.8257741,0.15205731987953186,-0.35177827,0.35177827
658,1.3225949,1.948731,0.48173364996910095,-0.62613606,0.62613606
659,1.5339844,1.8384337,0.11389368027448654,-0.30444932,0.30444932
660,1.6952541,1.9402741,0.07376876473426819,-0.24502003,0.24502003
661,1.6077304,1.8393526,0.06592190265655518,-0.23162222,0.23162222
662,1.5490417,1.7831374,0.06733741611242294,-0.2340957,0.2340957
663,1.4445114,1.8581704,0.21025890111923218,-0.41365898,0.41365898
664,1.6093249,1.9243516,0.12194497883319855,-0.31502664,0.31502664
665,1.4893175,1.8184221,0.13308745622634888,-0.32910454,0.32910454
666,1.6503137,1.8074496,0.030340302735567093,-0.15713584,0.15713584
667,1.3861308,1.8355523,0.24818596243858337,-0.44942153,0.44942153
668,1.4004399,1.8765893,0.2785838842391968,-0.47614944,0.47614944
669,1.381614,1.9025421,0.33344566822052,-0.52092814,0.52092814
670,1.3086689,1.7950364,0.29066896438598633,-0.48636758,0.48636758
671,1.3532802,1.753447,0.19676683843135834,-0.40016687,0.40016687
672,1.446904,1.7945806,0.14853210747241974,-0.34767663,0.34767663
673,1.3543859,1.872839,0.3302847445011139,-0.5184531,0.5184531
674,1.0283521,1.7622802,0.66187584400177,-0.7339281,0.7339281
675,1.5090991,1.6772556,0.03474533557891846,-0.1681565,0.1681565
676,1.2201855,1.7470912,0.3411419689655304,-0.52690566,0.52690566
677,1.4336293,1.640478,0.05257445573806763,-0.20684874,0.20684874
678,1.3630816,1.6643614,0.11153457313776016,-0.30127978,0.30127978
679,1.5560524,1.6807599,0.019109731540083885,-0.12470746,0.12470746
680,1.4274341,1.6811552,0.0791010931134224,-0.25372112,0.25372112
681,1.2597432,1.7126037,0.2519987225532532,-0.45286047,0.45286047
682,1.2214862,1.6844902,0.2634141147136688,-0.463004,0.463004
683,1.4224674,1.5528122,0.020876465365290642,-0.13034487,0.13034487
684,1.104121,1.5349898,0.22811801731586456,-0.43086886,0.43086886
685,1.2493271,1.7562128,0.31571099162101746,-0.50688577,0.50688577
686,1.1946905,1.537909,0.14474746584892273,-0.34321856,0.34321856
687,1.150099,1.4833237,0.1364406943321228,-0.33322465,0.33322465
688,1.1954794,1.5247239,0.1332007348537445,-0.3292445,0.3292445
689,1.1539174,1.458039,0.11364860832691193,-0.3041216,0.3041216
690,1.1547096,1.4502883,0.10735339671373367,-0.29557872,0.29557872
691,1.0961051,1.316294,0.05957449600100517,-0.22018886,0.22018886
692,1.0965056,1.3172768,0.05988996848464012,-0.2207712,0.2207712
693,1.0359648,1.3695554,0.13674038648605347,-0.3335905,0.3335905
694,0.9320121,1.1854726,0.07893870025873184,-0.25346053,0.25346053
695,0.96919703,1.2271965,0.08179126679897308,-0.25799942,0.25799942
696,0.86780095,1.3201993,0.25148463249206543,-0.4523983,0.4523983
697,0.83133394,1.1224788,0.10415682941675186,-0.2911449,0.2911449
698,0.8456698,1.147897,0.1122371256351471,-0.3022272,0.3022272
699,0.8371311,1.0928373,0.08034376800060272,-0.25570625,0.25570625
700,0.82235575,1.0048238,0.04091128334403038,-0.18246806,0.18246806
701,0.8802984,0.9753546,0.011102746240794659,-0.095056236,0.095056236
702,0.708805,0.8608078,0.028390465304255486,-0.15200275,0.15200275
703,0.7485862,0.8666863,0.017138389870524406,-0.11810011,0.11810011
704,0.71130496,0.9108417,0.04892323911190033,-0.19953674,0.19953674
705,0.60968244,0.6642884,0.0036639466416090727,-0.05460596,0.05460596
706,0.64949095,0.8227936,0.03690453618764877,-0.17330265,0.17330265
707,0.71457124,0.8994083,0.041980478912591934,-0.18483704,0.18483704
708,0.6058195,0.5075648,0.011862500570714474,0.09825474,0.09825474
709,0.5834557,0.56054235,0.0006451303488574922,0.022913337,0.022913337
710,0.46471608,0.65472716,0.04436364769935608,-0.19001108,0.19001108
711,0.707467,0.48227096,0.06231474503874779,0.22519606,0.22519606
712,0.422008,0.514299,0.01046617329120636,-0.09229097,0.09229097
713,0.2972999,0.43927518,0.024768225848674774,-0.14197528,0.14197528
714,0.5283365,0.45117635,0.007315704133361578,0.07716018,0.07716018
715,0.4101061,0.32617456,0.008656053803861141,0.083931535,0.083931535
716,0.37159866,0.27151012,0.012309436686336994,0.10008854,0.10008854
717,0.3287144,0.3393491,0.00013896904420107603,-0.0106346905,0.0106346905
718,0.5528576,0.26770756,0.0999116525053978,0.28515002,0.28515002
719,0.38459927,0.2671306,0.016955606639385223,0.117468655,0.117468655
720,0.388587,0.2424161,0.02625373937189579,0.1461709,0.1461709
721,0.3353336,0.16610813,0.03518850356340408,0.16922545,0.16922545
722,0.33248854,0.055778,0.09408508241176605,0.27671054,0.27671054
723,0.43266392,0.08915922,0.14498889446258545,0.3435047,0.3435047
724,0.25588796,0.102864146,0.028773145750164986,0.15302381,0.15302381
725,0.12424666,0.17233007,0.0028409273363649845,-0.04808341,0.04808341
726,0.34644276,0.16547927,0.040239378809928894,0.18096349,0.18096349
727,0.29966384,0.039406005,0.08322945237159729,0.26025784,0.26025784
728,0.2517325,-0.01155549,0.08517880737781525,0.263288,0.263288
729,0.27945647,0.08110714,0.048342686146497726,0.19834933,0.19834933
730,0.18717752,-0.08206469,0.0890749990940094,0.26924223,0.26924223
731,0.21853279,0.035208557,0.04129611328244209,0.18332423,0.18332423
732,0.19576147,-0.039629098,0.06808438897132874,0.23539057,0.23539057
733,0.1424226,-0.12350491,0.08689521998167038,0.2659275,0.2659275
734,0.31321728,-0.06296173,0.1738835722208023,0.376179,0.376179
735,0.045810048,-0.03627753,0.008279881440103054,0.08208758,0.08208758
736,0.41578892,-0.04924619,0.2657301723957062,0.4650351,0.4650351
737,0.25995627,-0.028467862,0.10221922397613525,0.28842413,0.28842413
738,-0.013273117,-0.16758439,0.029259340837597847,0.15431127,0.15431127
739,0.13413353,0.11845967,0.0003018706920556724,0.01567386,0.01567386
740,0.1313857,-0.07382941,0.051747336983680725,0.20521511,0.20521511
741,0.17873389,-0.06886968,0.0753326341509819,0.24760357,0.24760357
742,0.03148592,-0.11904678,0.027843955904245377,0.1505327,0.1505327
743,0.12404597,-0.025083063,0.027327118441462517,0.14912903,0.14912903
744,0.09866962,-0.010048565,0.0145235825330019,0.10871819,0.10871819
745,0.02646345,-0.0829052,0.014697892591357231,0.10936865,0.10936865
746,0.0014971821,-0.09316394,0.011010639369487762,0.09466112,0.09466112
747,0.1695119,0.0092331795,0.03156611695885658,0.16027872,0.16027872
748,-0.10403615,0.04380474,0.026857061311602592,-0.14784089,0.14784089
749,0.100963235,-0.046036538,0.026552345603704453,0.14699978,0.14699978
750,0.120084345,-0.030062852,0.02770153246819973,0.1501472,0.1501472
751,0.005293551,0.022278698,0.00035449376446194947,-0.016985148,0.016985148
752,0.018925311,-0.029195754,0.002845379989594221,0.048121065,0.048121065
753,0.116374016,-0.15508094,0.09054512530565262,0.27145496,0.27145496
754,-0.084240705,-0.16293672,0.007609826512634754,0.07869601,0.07869601
755,-0.087721795,-0.06326625,0.0007348944782279432,-0.024455547,0.024455547
756,-0.09082216,-0.2601439,0.03522855043411255,0.16932175,0.16932175
757,0.061738912,-0.072344035,0.022091060876846313,0.13408294,0.13408294
758,0.061234657,-0.19188645,0.07872743904590607,0.2531211,0.2531211
759,-0.22033766,-0.16600159,0.0036278199404478073,-0.05433607,0.05433607
760,0.0077032177,-0.16013852,0.034615401178598404,0.16784173,0.16784173
761,-0.022480993,-0.22201589,0.04892231523990631,0.1995349,0.1995349
762,0.040401522,-0.11097556,0.02815721370279789,0.15137708,0.15137708
763,-0.08602202,-0.25966308,0.037048812955617905,0.17364106,0.17364106
764,-0.13737419,-0.292464,0.029555339366197586,0.1550898,0.1550898
765,-0.025533764,-0.21754083,0.045300595462322235,0.19200706,0.19200706
766,-0.07581627,-0.24778447,0.03633839637041092,0.17196819,0.17196819
767,0.07473382,-0.31672105,0.18829242885112762,0.39145488,0.39145488
768,-0.05619001,-0.25298098,0.04758606478571892,0.19679096,0.19679096
769,-0.13712814,-0.32788387,0.04471205174922943,0.19075572,0.19075572
770,-0.2683005,-0.197611,0.0061401622369885445,-0.0706895,0.0706895
771,-0.20524862,-0.28803357,0.008421163074672222,0.08278495,0.08278495
772,-0.2847617,-0.34412202,0.004329735413193703,0.059360325,0.059360325
773,-0.15431628,-0.37341663,0.05898689478635788,0.21910036,0.21910036
774,-0.029384313,-0.3580334,0.13271933794021606,0.32864907,0.32864907
775,-0.10899013,-0.20558646,0.011465433053672314,0.09659633,0.09659633
776,0.009540382,-0.19525734,0.05153705179691315,0.20479771,0.20479771
777,-0.04020044,-0.17599681,0.022659247741103172,0.13579637,0.13579637
778,-0.092862606,-0.07559201,0.0003665086696855724,-0.017270595,0.017270595
779,-0.019624142,-0.12214008,0.012913746759295464,0.102515936,0.102515936
780,0.04576889,-0.14208254,0.04336091876029968,0.18785143,0.18785143
781,0.04220799,-0.01932746,0.004652861040085554,0.061535448,0.061535448
782,0.07584646,-0.040135797,0.016529222950339317,0.115982264,0.115982264
783,0.019100668,0.13504826,0.016519347205758095,-0.11594759,0.11594759
784,0.090624005,0.08085409,0.00011728728713933378,0.009769917,0.009769917
785,0.40030894,0.045707706,0.1545076221227646,0.35460123,0.35460123
786,0.34039685,0.17668732,0.032931942492723465,0.16370954,0.16370954
787,0.115704715,0.16562147,0.0030616966541856527,-0.04991676,0.04991676
788,0.07427162,0.40239185,0.13229256868362427,-0.32812023,0.32812023
789,0.36868355,0.3339305,0.0014840752119198442,0.034753054,0.034753054
790,0.50258434,0.2468098,0.0803866758942604,0.25577456,0.25577456
791,0.41534007,0.47259772,0.004028436727821827,-0.057257652,0.057257652
792,0.6253566,0.54226637,0.008483391255140305,0.083090246,0.083090246
793,0.5865954,0.63308483,0.002655688440427184,-0.046489418,0.046489418
794,0.6231586,0.7924655,0.035222385078668594,-0.16930693,0.16930693
795,0.77510995,0.8001431,0.0007700186688452959,-0.025033176,0.025033176
796,0.7073388,0.70907634,3.709609700308647e-06,-0.001737535,0.001737535
797,0.7936665,0.64906454,0.02569318190217018,0.14460194,0.14460194
798,0.95173025,0.8281597,0.0187628585845232,0.12357056,0.12357056
799,0.94429463,0.901468,0.0022537095937877893,0.042826653,0.042826653
800,1.201153,1.0155209,0.042342402040958405,0.18563211,0.18563211
801,1.1423943,1.2567955,0.016081640496850014,-0.11440122,0.11440122
802,1.1982999,1.2654221,0.005536070559173822,-0.06712222,0.06712222
803,1.1923217,1.1846174,7.29342209524475e-05,0.007704258,0.007704258
804,1.3458278,1.3546914,9.653513552621007e-05,-0.008863568,0.008863568
805,1.286183,1.4070561,0.017952661961317062,-0.12087309,0.12087309
806,1.4055742,1.306699,0.012012802064418793,0.098875165,0.098875165
807,1.3431988,1.79351,0.24916943907737732,-0.45031118,0.45031118
808,1.5946689,1.7716566,0.03849070146679878,-0.17698777,0.17698777
809,1.5739032,1.7648512,0.044802237302064896,-0.19094801,0.19094801
810,1.7952602,1.6512142,0.025495953857898712,0.14404595,0.14404595
811,1.8862921,1.8394836,0.0026922645047307014,0.04680848,0.04680848
812,1.7711872,1.9412247,0.035527054220438004,-0.17003751,0.17003751
813,1.7470963,1.897308,0.0277253370732069,-0.15021169,0.15021169
814,1.6885322,1.8655822,0.03851774334907532,-0.17705,0.17705
815,1.9138812,2.0509837,0.023097245022654533,-0.13710248,0.13710248
816,1.8819969,2.1290634,0.07500620931386948,-0.2470665,0.2470665
817,1.9495571,2.1085653,0.03106766939163208,-0.15900826,0.15900826
818,2.1006858,2.2057598,0.013566283509135246,-0.10507393,0.10507393
819,1.8743478,2.0022087,0.02008839324116707,-0.1278609,0.1278609
820,1.8905513,2.155789,0.0864449217915535,-0.26523757,0.26523757
821,1.9826347,2.071403,0.00968244206160307,-0.08876836,0.08876836
822,2.1088085,2.1250489,0.0003240860824007541,-0.016240358,0.016240358
823,2.0997295,2.1963673,0.01147523894906044,-0.096637726,0.096637726
824,1.9694157,2.2694287,0.11059849709272385,-0.30001307,0.30001307
825,2.1466277,2.3247058,0.03896642103791237,-0.17807817,0.17807817
826,1.9601578,2.2103157,0.07689496129751205,-0.25015795,0.25015795
827,2.0032175,2.2276304,0.06188206374645233,-0.22441292,0.22441292
828,2.0796638,2.2823508,0.050480276346206665,-0.20268703,0.20268703
829,2.0377004,2.210373,0.03663667291402817,-0.17267251,0.17267251
830,2.1816018,2.2741878,0.010533214546740055,-0.09258604,0.09258604
831,2.1186953,2.326677,0.0531521700322628,-0.20798182,0.20798182
832,2.2620637,2.260534,2.8751710487995297e-06,0.0015296936,0.0015296936
833,2.054395,2.2719429,0.05815402418375015,-0.2175479,0.2175479
834,2.0588067,2.2043316,0.026022247970104218,-0.14552498,0.14552498
835,2.1824427,2.2620468,0.007786449510604143,-0.07960415,0.07960415
836,2.0413141,2.2377417,0.04741057753562927,-0.19642758,0.19642758
837,2.1875935,2.1672153,0.0005102668656036258,0.020378113,0.020378113
838,2.0790095,2.2359688,0.030272191390395164,-0.1569593,0.1569593
839,1.7754893,2.1686683,0.18995463848114014,-0.39317894,0.39317894
840,2.1136324,2.1269846,0.00021906683105044067,-0.013352156,0.013352156
841,2.0716763,2.0728047,1.5649566194042563e-06,-0.0011284351,0.0011284351
842,2.0596354,2.2251785,0.03367367014288902,-0.16554308,0.16554308
843,1.7572179,2.1562192,0.19562219083309174,-0.39900136,0.39900136
844,1.8656818,2.1633794,0.10889805853366852,-0.29769766,0.29769766
845,1.8567561,2.2043467,0.14845851063728333,-0.34759057,0.34759057
846,1.8152605,2.15693,0.14344367384910583,-0.34166944,0.34166944
847,2.0575216,2.1343906,0.007260555401444435,-0.07686901,0.07686901
848,1.8664192,2.1526268,0.10065407305955887,-0.28620756,0.28620756
849,1.8486048,2.0533073,0.05148911848664284,-0.2047025,0.2047025
850,1.8926017,2.141145,0.07590553909540176,-0.24854326,0.24854326
851,1.8800102,2.221151,0.1430002897977829,-0.34114087,0.34114087
852,1.4758614,2.222651,0.6852763891220093,-0.7467896,0.7467896
853,1.7316165,2.0361135,0.11392924934625626,-0.304497,0.304497
854,1.6425327,2.0472147,0.2012319564819336,-0.40468204,0.40468204
855,1.8120736,2.0519907,0.07072804868221283,-0.23991716,0.23991716
856,1.732059,2.1482038,0.2127935290336609,-0.41614485,0.41614485
857,1.752056,2.00336,0.07760120928287506,-0.25130403,0.25130403
858,1.5328761,2.0947967,0.3879888355731964,-0.5619205,0.5619205
859,1.7005626,1.9666303,0.08698692917823792,-0.26606774,0.26606774
860,1.8344458,2.0533648,0.05888916179537773,-0.21891892,0.21891892
861,1.8557746,2.0827641,0.06331121176481247,-0.22698951,0.22698951
862,1.7790622,2.1159272,0.13943804800510406,-0.33686507,0.33686507
863,1.5663543,1.996741,0.22760793566703796,-0.43038678,0.43038678
864,1.8188666,1.9972477,0.039099112153053284,-0.17838109,0.17838109
865,1.758569,1.9941502,0.06819471716880798,-0.23558116,0.23558116
866,1.6678196,2.05805,0.18711626529693604,-0.3902303,0.3902303
867,1.4704385,2.1713777,0.6037124395370483,-0.7009392,0.7009392
868,1.7616427,1.940037,0.03910490870475769,-0.17839432,0.17839432
869,1.600247,2.0612369,0.2611269950866699,-0.46098983,0.46098983
870,1.6870012,1.9498342,0.08488468825817108,-0.262833,0.262833
871,1.6517869,1.9872965,0.13831818103790283,-0.33550954,0.33550954
872,1.7908951,1.9697583,0.03931079059839249,-0.17886317,0.17886317
873,1.6160781,1.8603041,0.07329145073890686,-0.24422598,0.24422598
874,1.6180233,2.0210528,0.19959188997745514,-0.40302956,0.40302956
875,1.7675914,1.8801208,0.015559711493551731,-0.1125294,0.1125294
876,1.5332983,1.9950178,0.2619544267654419,-0.4617195,0.4617195
877,1.669066,1.864068,0.04672481119632721,-0.19500208,0.19500208
878,1.5553421,1.8408623,0.10017123818397522,-0.2855202,0.2855202
879,1.4615192,2.0297265,0.39671871066093445,-0.56820726,0.56820726
880,1.5474107,1.8641269,0.12325654178857803,-0.3167162,0.3167162
881,1.600899,1.7859296,0.04206842929124832,-0.18503058,0.18503058
882,1.6504172,1.8006495,0.02773291990160942,-0.15023232,0.15023232
883,1.6446991,1.8008842,0.029974298551678658,-0.15618515,0.15618515
884,1.4487944,1.7815379,0.1360468864440918,-0.33274353,0.33274353
885,1.3594478,1.7397338,0.17770101130008698,-0.38028598,0.38028598
886,1.4050757,1.8585365,0.25266721844673157,-0.4534608,0.4534608
887,1.2964728,1.6896592,0.18996192514896393,-0.39318645,0.39318645
888,1.3694983,1.6862423,0.12327830493450165,-0.3167441,0.3167441
889,1.3326617,1.6776309,0.1462278664112091,-0.34496915,0.34496915
890,1.4142046,1.8481276,0.2313634753227234,-0.433923,0.433923
891,1.0945904,1.6784984,0.41894614696502686,-0.58390796,0.58390796
892,1.2147263,1.6815641,0.2677944600582123,-0.46683776,0.46683776
893,1.1876953,1.5622221,0.17235960066318512,-0.37452686,0.37452686
894,1.3504664,1.6106056,0.0831536203622818,-0.26013923,0.26013923
895,1.0913181,1.5540494,0.26310375332832336,-0.46273124,0.46273124
896,1.1958616,1.5123582,0.12308567762374878,-0.3164966,0.3164966
897,1.1305271,1.571582,0.2390311360359192,-0.44105482,0.44105482
898,1.2175496,1.4740958,0.08087250590324402,-0.25654626,0.25654626
899,1.1426078,1.3781068,0.06814716011285782,-0.23549902,0.23549902
900,1.0649168,1.3849444,0.12584750354290009,-0.3200276,0.3200276
901,0.9671971,1.2617124,0.10658228397369385,-0.2945153,0.2945153
902,0.8075188,1.2104685,0.19951297342777252,-0.40294975,0.40294975
903,0.98788136,1.1884446,0.04942788928747177,-0.20056325,0.20056325
904,0.9870819,1.0673268,0.007912342436611652,-0.0802449,0.0802449
905,0.74795246,0.979521,0.06589134782552719,-0.23156852,0.23156852
906,0.7541233,1.0941328,0.14205338060855865,-0.3400095,0.3400095
907,0.8755214,0.91575307,0.001988863106817007,-0.040231645,0.040231645
908,0.8578288,0.842904,0.00027370735188014805,0.014924824,0.014924824
909,0.699387,0.9319104,0.06643588095903397,-0.23252338,0.23252338
910,0.7165653,1.1292707,0.20929063856601715,-0.41270536,0.41270536
911,0.5668885,0.7937671,0.06324939429759979,-0.22687858,0.22687858
912,0.865928,0.5804053,0.1001729890704155,0.2855227,0.2855227
913,0.57701933,0.60240996,0.0007921637152321637,-0.025390625,0.025390625
914,0.7412107,0.6038144,0.023196324706077576,0.13739628,0.13739628
915,0.66466,0.6772798,0.00019569216237869114,-0.012619793,0.012619793
916,0.77948934,0.5807265,0.04854445531964302,0.19876283,0.19876283
917,0.5548789,0.6057004,0.0031736879609525204,-0.050821483,0.050821483
918,0.6249908,0.5929782,0.0012592528946697712,0.03201264,0.03201264
919,0.43494618,0.42817175,5.639169103233144e-05,0.0067744255,0.0067744255
920,0.3979858,0.49258655,0.010996613651514053,-0.09460077,0.09460077
921,0.6396012,0.57569045,0.0050189984031021595,0.06391072,0.06391072
922,0.3906177,0.54741395,0.030209291726350784,-0.15679625,0.15679625
923,0.53640795,0.47690067,0.0043512010015547276,0.05950728,0.05950728
924,0.6513504,0.45479858,0.047470465302467346,0.1965518,0.1965518
925,0.616679,0.46344876,0.028850842267274857,0.15323025,0.15323025
926,0.46804973,0.35679185,0.015210065990686417,0.11125788,0.11125788
927,0.368767,0.28163528,0.009328718297183514,0.08713171,0.08713171
928,0.57218504,0.3378646,0.06746673583984375,0.23432043,0.23432043
929,0.64948255,0.33674324,0.12018058449029922,0.3127393,0.3127393
930,0.44334817,0.39351943,0.0030509058851748705,0.049828738,0.049828738
931,0.42373863,0.37142977,0.00336217088624835,0.052308857,0.052308857
932,0.44614884,0.42582035,0.0005077850655652583,0.020328492,0.020328492
933,0.55032927,0.27417392,0.09370792657136917,0.27615535,0.27615535
934,0.61040074,0.467004,0.025266656652092934,0.14339674,0.14339674
935,0.35771415,0.33047917,0.0009114300482906401,0.027234972,0.027234972
936,0.32561642,0.29713237,0.000996950431726873,0.028484046,0.028484046
937,0.7027621,0.37526196,0.1317930370569229,0.32750016,0.32750016
938,0.4438072,0.58266073,0.023690998554229736,-0.13885352,0.13885352
939,0.4789839,0.42135784,0.004080444574356079,0.05762607,0.05762607
940,0.37596285,0.39188305,0.00031143310479819775,-0.015920192,0.015920192
941,0.48485774,0.36138162,0.01873421110212803,0.12347612,0.12347612
942,0.5217665,0.31692043,0.0515613816678524,0.20484605,0.20484605
943,0.444793,0.26464736,0.039876483380794525,0.18014562,0.18014562
944,0.5770797,0.29104733,0.1005309671163559,0.28603238,0.28603238
945,0.3576141,0.39472035,0.001691854908131063,-0.037106246,0.037106246
946,0.35040927,0.37177134,0.0005607333150692284,-0.021362066,0.021362066
947,0.38537574,0.20469373,0.04011429846286774,0.180682,0.180682
948,0.39342615,0.25821933,0.022462939843535423,0.13520682,0.13520682
949,0.35362,0.20076057,0.028711358085274696,0.15285942,0.15285942
950,0.18553704,0.27271485,0.009338589385151863,-0.08717781,0.08717781
951,0.32771334,0.31789112,0.00011854633339680731,0.00982222,0.00982222
952,0.24094382,0.20506884,0.0015814389334991574,0.035874978,0.035874978
953,0.20167865,0.18706831,0.0002622948959469795,0.014610335,0.014610335
954,0.24406852,0.354128,0.014884157106280327,-0.110059485,0.110059485
955,0.12546626,0.2623126,0.02301100641489029,-0.13684633,0.13684633
956,0.08876908,0.21235803,0.01876845955848694,-0.12358895,0.12358895
957,-0.07850948,0.32744357,0.20249813795089722,-0.40595305,0.40595305
958,0.3386877,0.1809402,0.03057696297764778,0.15774749,0.15774749
959,0.2008276,0.07587558,0.019184743985533714,0.12495202,0.12495202
960,0.11540657,0.12526226,0.00011935616930713877,-0.009855688,0.009855688
961,0.04290742,-0.0027135285,0.0025573952589184046,0.045620948,0.045620948
962,-0.19452342,0.04042006,0.06782599538564682,-0.23494348,0.23494348
963,0.004768762,-0.061304178,0.00536434818059206,0.06607294,0.06607294
964,0.13503215,-0.064484745,0.04891349747776985,0.19951689,0.19951689
965,0.14495942,0.030859532,0.01599705033004284,0.11409989,0.11409989
966,0.10392964,0.006004843,0.01178296934813261,0.0979248,0.0979248
967,0.04634658,0.036084745,0.0001293956011068076,0.010261834,0.010261834
968,0.15373233,0.08352068,0.006057418882846832,0.07021165,0.07021165
969,-0.014464644,-0.06271362,0.0028605246916413307,0.04824898,0.04824898
970,0.12432724,-0.0060886713,0.020899251103401184,0.13041592,0.13041592
971,-0.022696016,0.0076518385,0.0011316854506731033,-0.030347854,0.030347854
972,-0.069714636,0.056249056,0.019496651366353035,-0.12596369,0.12596369
973,-0.07671419,0.048002485,0.019112542271614075,-0.12471667,0.12471667
974,-0.074191004,-0.05071106,0.000677429256029427,-0.023479942,0.023479942
975,0.109620064,0.005983117,0.013197707943618298,0.10363695,0.10363695
976,-0.015960274,0.038073067,0.003587508574128151,-0.05403334,0.05403334
977,-0.027164398,0.14533141,0.03656170889735222,-0.17249581,0.17249581
978,0.16861849,0.14583907,0.000637610035482794,0.02277942,0.02277942
979,0.15447143,0.04960123,0.013513676822185516,0.1048702,0.1048702
980,0.2457076,0.18565537,0.004431263078004122,0.06005223,0.06005223
981,0.23182903,0.20099734,0.0011680575553327799,0.030831695,0.030831695
982,0.13970737,0.221159,0.008152087219059467,-0.081451625,0.081451625
983,0.260369,0.03454012,0.06266548484563828,0.22582889,0.22582889
984,0.30624485,0.15316203,0.02879534848034382,0.15308282,0.15308282
985,0.2459427,0.2679888,0.0005972188082523644,-0.022046104,0.022046104
986,0.27457914,0.30285275,0.0009822733700275421,-0.028273612,0.028273612
987,0.36709094,0.4421404,0.006920930929481983,-0.07504946,0.07504946
988,0.6917447,0.55559856,0.02277611941099167,0.13614613,0.13614613
989,0.5023825,0.6164035,0.015974942594766617,-0.114021,0.114021
990,0.7249892,0.4384129,0.1009136363863945,0.28657627,0.28657627
991,0.6151687,0.8593838,0.07328490167856216,-0.24421513,0.24421513
992,0.8133339,0.9506719,0.023176657035946846,-0.13733798,0.13733798
993,0.8789799,0.75343543,0.019367100670933723,0.12554449,0.12554449
994,0.94990563,0.85753447,0.010484369471669197,0.092371166,0.092371166
995,0.96073884,0.89676577,0.005028799641877413,0.06397307,0.06397307
996,1.128145,1.0600429,0.005698901601135731,0.06810212,0.06810212
997,1.0975794,1.2237264,0.019553443416953087,-0.12614703,0.12614703
998,1.3010509,1.3789656,0.007459487300366163,-0.077914715,0.077914715
999,1.038008,1.3646659,0.13111598789691925,-0.3266579,0.3266579
